mass,x,y
100,90.909090,0
1000,-9.090909,0