{"returned_dict": {"loss": 0.0009018524887294467, "r2": 0.9999866342220962, "status": "ok", "start_time": 1719957849.038628, "duration": 6.409875869750977}, "current_params": {"N": 500, "input_scaling": 1.0, "lr": 0.448517999492524, "ridge": 0.003811281081263922, "seed": 1234, "sr": 2.760363161733829}}