{"returned_dict": {"loss": 0.006228600581253386, "r2": 0.9995366903383559, "status": "ok", "start_time": 1719957923.2278621, "duration": 4.686326026916504}, "current_params": {"N": 500, "input_scaling": 1.0, "lr": 0.0011253563603354569, "ridge": 1.4177012448628423, "seed": 1234, "sr": 0.04981749804245153}}