{"returned_dict": {"loss": 0.0004282711523822525, "r2": 0.999997472827874, "status": "ok", "start_time": 1719957862.008797, "duration": 6.590212106704712}, "current_params": {"N": 500, "input_scaling": 1.0, "lr": 0.07128243944571559, "ridge": 4.602027706977151e-08, "seed": 1234, "sr": 0.027598683234115115}}