{"returned_dict": {"loss": 0.0004633316559793735, "r2": 0.999997130986992, "status": "ok", "start_time": 1719957868.604021, "duration": 6.013864994049072}, "current_params": {"N": 500, "input_scaling": 1.0, "lr": 0.05989081733494548, "ridge": 8.12744525670324e-07, "seed": 1234, "sr": 0.1626795681245935}}