{"returned_dict": {"loss": 0.0036684152399982495, "r2": 0.9995425478509044, "status": "ok", "start_time": 1719957904.085519, "duration": 4.851160764694214}, "current_params": {"N": 500, "input_scaling": 1.0, "lr": 0.0063822566002939346, "ridge": 2.3514904339337348e-08, "seed": 1234, "sr": 0.012708968625748275}}