{"returned_dict": {"loss": 0.0004701426690156514, "r2": 0.9999970253201751, "status": "ok", "start_time": 1719957855.455673, "duration": 6.54781699180603}, "current_params": {"N": 500, "input_scaling": 1.0, "lr": 0.38264094967620665, "ridge": 0.0029801797509298408, "seed": 1234, "sr": 0.07966435869333038}}