{"returned_dict": {"loss": 0.003705448002932088, "r2": 0.9998161321284815, "status": "ok", "start_time": 1719957918.3853528, "duration": 4.83612322807312}, "current_params": {"N": 500, "input_scaling": 1.0, "lr": 0.0018473770505347527, "ridge": 0.00016008000622580177, "seed": 1234, "sr": 0.015931944006093716}}