{"returned_dict": {"loss": 0.0008113319902527833, "r2": 0.9999919086412732, "status": "ok", "start_time": 1719957889.741194, "duration": 4.821790933609009}, "current_params": {"N": 500, "input_scaling": 1.0, "lr": 0.17543139583076803, "ridge": 0.29566961197557934, "seed": 1234, "sr": 0.015590519612759524}}