{"returned_dict": {"loss": 0.0008208836836832562, "r2": 0.9999898867157351, "status": "ok", "start_time": 1719957899.272641, "duration": 4.809593915939331}, "current_params": {"N": 500, "input_scaling": 1.0, "lr": 0.02018337832903292, "ridge": 0.00021135596946478938, "seed": 1234, "sr": 0.09442721440119983}}