{"returned_dict": {"loss": 0.0006046437649087364, "r2": 0.9999954735392924, "status": "ok", "start_time": 1719957913.634665, "duration": 4.747040033340454}, "current_params": {"N": 500, "input_scaling": 1.0, "lr": 0.06719120770962762, "ridge": 0.03718402541903902, "seed": 1234, "sr": 0.07071032186253305}}