{"returned_dict": {"loss": 0.015073702268992545, "r2": 0.9947281816876566, "status": "ok", "start_time": 1719957874.6239748, "duration": 5.267385244369507}, "current_params": {"N": 500, "input_scaling": 1.0, "lr": 0.0072789537441323385, "ridge": 7.409720239057766e-08, "seed": 1234, "sr": 0.3226348405474758}}