{"returned_dict": {"loss": 0.014018581283983575, "r2": 0.9974639992164102, "status": "ok", "start_time": 1719957884.76746, "duration": 4.968810081481934}, "current_params": {"N": 500, "input_scaling": 1.0, "lr": 0.0017588986916506517, "ridge": 9.394742674263517, "seed": 1234, "sr": 1.2509379966926149}}