{"returned_dict": {"loss": 0.02542386466660666, "r2": 0.9905716760052972, "status": "ok", "start_time": 1719957927.917223, "duration": 4.984861135482788}, "current_params": {"N": 500, "input_scaling": 1.0, "lr": 0.004100650502354604, "ridge": 7.7559483386917725, "seed": 1234, "sr": 4.224184001973294}}