{"returned_dict": {"loss": 0.03884466707045462, "r2": 0.980590699080952, "status": "ok", "start_time": 1719957894.5682602, "duration": 4.699955940246582}, "current_params": {"N": 500, "input_scaling": 1.0, "lr": 0.0014528929731718976, "ridge": 0.08758452084004614, "seed": 1234, "sr": 1.4787515437601555}}