{"returned_dict": {"loss": 0.08736560711485156, "r2": 0.82530491331868, "status": "ok", "start_time": 1719957908.940182, "duration": 4.6905670166015625}, "current_params": {"N": 500, "input_scaling": 1.0, "lr": 0.0020629649586181636, "ridge": 0.002974208867951716, "seed": 1234, "sr": 2.204263457797122}}