{"returned_dict": {"loss": 0.24565205882354327, "r2": -0.43300394376191226, "status": "ok", "start_time": 1719957879.896884, "duration": 4.864731788635254}, "current_params": {"N": 500, "input_scaling": 1.0, "lr": 0.021175330384294096, "ridge": 2.813306033170741e-07, "seed": 1234, "sr": 1.837308485460495}}